word,tf-idf-pos,tf-idf-neg,tf-idf-val,node-label
(ยากน้อย - ADV),1.5880456295278407,0,1.5880456295278407,pos
(เทศบาลเมือง - ADJ),0,-1.5880456295278407,-1.5880456295278407,neg
(ค้า - ADV),0.025341153662678306,-1.5880456295278407,-1.5627044758651625,neg
(ไม้ - ADV),1.0586970863518936,0,1.0586970863518936,pos
(ตะน้อย - ADV),1.0586970863518936,-0.007097410634761298,1.0515996757171324,pos
(เจ็บ - ADV),0.9074546454444803,0,0.9074546454444803,pos
(ทาเล็บ - ADJ),0.7940228147639203,0,0.7940228147639203,pos
(ถนนสุขุมวิท - ADV),0.7940228147639203,0,0.7940228147639203,pos
(ใหล - ADV),0.7940228147639203,0,0.7940228147639203,pos
(ท้าทาย - ADV),0.7940228147639203,0,0.7940228147639203,pos
(จินตนาการ - ADV),0.7057980575679291,0,0.7057980575679291,pos
(ดาว - ADJ),0,-0.7057980575679291,-0.7057980575679291,neg
(อันตราย - ADJ),0.7057980575679291,-0.010240611314934303,0.6955574462529949,pos
(เดินหน้า - ADV),0.6352182518111363,0,0.6352182518111363,pos
(ฮิต - ADJ),0.6352182518111363,0,0.6352182518111363,pos
(บาดตัว - ADJ),0.6352182518111363,0,0.6352182518111363,pos
(ยังคอย - ADJ),0,-0.6352182518111363,-0.6352182518111363,neg
(ตรวจสอบ - ADV),0,-0.6352182518111363,-0.6352182518111363,neg
(เปีย - ADV),0.6160845564410785,0,0.6160845564410785,pos
(มอเตอร์ไซค์ - ADV),0.5293485431759468,0,0.5293485431759468,pos
(งดงาม - ADV),0,-0.5293485431759468,-0.5293485431759468,neg
(ทำลาย - ADJ),0,-0.45372732272224015,-0.45372732272224015,neg
(mrsa - ADV),0,-0.45372732272224015,-0.45372732272224015,neg
(ยุง - ADJ),0,-0.45372732272224015,-0.45372732272224015,neg
(ลาง - ADV),0,-0.45372732272224015,-0.45372732272224015,neg
(เช็ดตัว - ADJ),0,-0.4234788345407575,-0.4234788345407575,neg
(หิว - ADJ),0.41427277292030623,0,0.41427277292030623,pos
(เมืองปาตง - ADV),0,-0.41427277292030623,-0.41427277292030623,neg
(ทา - ADJ),0.39701140738196017,0,0.39701140738196017,pos
(ไขควงเกลียว - ADV),0,-0.39701140738196017,-0.39701140738196017,neg
(โกรธ - ADJ),0,-0.39701140738196017,-0.39701140738196017,neg
(ไอพ่น - ADV),0,-0.39701140738196017,-0.39701140738196017,neg
(ย้าย - ADJ),0.016441710429413423,-0.3849807586734159,-0.36853904824400247,neg
(คาดหมาย - ADJ),0.010529141759438304,-0.37365779518302134,-0.363128653423583,neg
(รบกวน - ADV),0.38113095108668177,-0.022056189298997785,0.359074761787684,pos
(Las - ADV),0.35289902878396456,0,0.35289902878396456,pos
(ต้อย - ADV),0.35289902878396456,-0.0036030530448731496,0.34929597573909144,pos
(เหนื่อย - ADV),0.35289902878396456,-0.00830542493035638,0.3445936038536082,pos
(แสน - ADJ),0,-0.31760912590556817,-0.31760912590556817,neg
(เจ - ADV),0.3024848818148268,0,0.3024848818148268,pos
(พัฒน์พงษ์ สวรรค์ - ADV),0,-0.3024848818148268,-0.3024848818148268,neg
(หา - ADV),0.23098845520404954,-0.5293485431759468,-0.2983600879718973,neg
(ถนนอาหาร - ADV),0.288735569005062,0,0.288735569005062,pos
(ลำลอง - ADJ),0,-0.288735569005062,-0.288735569005062,neg
(ซูเปอร์มาร์เก็ต - ADV),0,-0.288735569005062,-0.288735569005062,neg
(อ่าน - ADV),0.0894673594100192,-0.37365779518302134,-0.2841904357730021,neg
(แกล้ง - ADV),0,-0.280243346387266,-0.280243346387266,neg
(เลี้ยว - ADJ),0,-0.2646742715879734,-0.2646742715879734,neg
(เหมาะ - ADV),0.007970116082950266,-0.2662093762399722,-0.2582392601570219,neg
(ขาย - ADV),0.2540873007244545,0,0.2540873007244545,pos
(ฉวย - ADJ),0,-0.2540873007244545,-0.2540873007244545,neg
(หาน - ADJ),0,-0.2540873007244545,-0.2540873007244545,neg
(un - ADV),0.2507440467675538,0,0.2507440467675538,pos
(ทั่วถึง - ADV),0.2443147122350524,0,0.2443147122350524,pos
(ต้น - ADJ),0,-0.23820684442917608,-0.23820684442917608,neg
(สมบูรณ์แบบ - ADV),0.23526601918930973,0,0.23526601918930973,pos
(monger - ADJ),0,-0.23526601918930973,-0.23526601918930973,neg
(น้ำเสียง - ADV),0,-0.23015154051128126,-0.23015154051128126,neg
(ยืนตาม - ADV),0.22686366136112007,0,0.22686366136112007,pos
(Sea Smile - ADJ),0.2215877622596987,0,0.2215877622596987,pos
(มือถือ - ADV),0.2190407764865987,0,0.2190407764865987,pos
(ความทรงจำ - ADJ),0.21655167675379644,0,0.21655167675379644,pos
(อึดอัด - ADJ),0.22686366136112007,-0.013922814834826635,0.21294084652629344,pos
(คลับคูดู - ADJ),0.21173941727037876,0,0.21173941727037876,pos
(คุณกล้า - ADJ),0,-0.21173941727037876,-0.21173941727037876,neg
(สไมล์ - ADJ),0,-0.2049091134874633,-0.2049091134874633,neg
(pg - ADV),0.19850570369098008,0,0.19850570369098008,pos
(ท่า - ADV),0,-0.19850570369098008,-0.19850570369098008,neg
(ถนนบางลา - ADV),0.19828008713046208,0,0.19828008713046208,pos
(สม่ำเสมอ - ADJ),0,-0.18682889759151067,-0.18682889759151067,neg
(องค์ - ADV),0,-0.18682889759151067,-0.18682889759151067,neg
(patong - ADJ),0,-0.18682889759151067,-0.18682889759151067,neg
(ร้อนแรง - ADJ),0.011383839638192407,-0.19445456688096008,-0.18307072724276768,neg
(โอ้โจร - ADJ),0,-0.18149092908889608,-0.18149092908889608,neg
(ฉาก - ADJ),0.1804597306281637,0,0.1804597306281637,pos
(ดาว - ADV),0.17644951439198228,0,0.17644951439198228,pos
(เตะ - ADJ),0,-0.17644951439198228,-0.17644951439198228,neg
(ตัด - ADV),0.02589204830751914,-0.19850570369098008,-0.17261365538346093,neg
(เจ็ตสกูตเตอร์ - ADJ),0.169391533816303,0,0.169391533816303,pos
(เรือกล้วย - ADV),0.16716269784503585,0,0.16716269784503585,pos
(เปลือย - ADV),0,-0.16716269784503585,-0.16716269784503585,neg
(เนปาลพม่า - ADJ),0,-0.16716269784503585,-0.16716269784503585,neg
(เมตร - ADV),0,-0.16716269784503585,-0.16716269784503585,neg
(เท้าเปล่า - ADJ),0.16287647482336826,0,0.16287647482336826,pos
(ไฟ - ADV),0.16287647482336826,0,0.16287647482336826,pos
(จอง - ADV),0,-0.16273931679575662,-0.16273931679575662,neg
(ทำเล - ADV),0.15880456295278408,0,0.15880456295278408,pos
(ยศ - ADV),0.15880456295278408,0,0.15880456295278408,pos
(ตะเกียง - ADV),0.15880456295278408,0,0.15880456295278408,pos
(แก้ว - ADV),0,-0.15880456295278408,-0.15880456295278408,neg
(ไทม์ - ADV),0,-0.15493128092954545,-0.15493128092954545,neg
(ห้า - ADJ),0.17644951439198228,-0.022017963667630373,0.1544315507243519,pos
(เมืองไทย - ADJ),0.1512424409074134,0,0.1512424409074134,pos
(เย็น - ADV),0.15880456295278408,-0.010569355271399938,0.14823520768138415,pos
(แปลกใจ - ADV),0.16149616571469566,-0.013344921256536475,0.1481512444581592,pos
(นรก - ADJ),0,-0.14658882734103146,-0.14658882734103146,neg
(ซ้ำ - ADV),0,-0.144367784502531,-0.144367784502531,neg
(ลมดี - ADJ),0.14178978835070005,0,0.14178978835070005,pos
(ชอบคาร์ท - ADV),0,-0.14115961151358583,-0.14115961151358583,neg
(อพยพ - ADJ),0,-0.14115961151358583,-0.14115961151358583,neg
(หลากหลาย - ADJ),0.031736344217271895,-0.172503675803502,-0.14076733158623012,neg
(อ่าวมา - ADV),0.13809092430676875,0,0.13809092430676875,pos
(ต้อนรับ - ADJ),0,-0.13809092430676875,-0.13809092430676875,neg
(ทราบ - ADJ),0.16716269784503585,-0.029221131936708864,0.13794156590832699,pos
(โจมตี - ADJ),0,-0.13660607565830887,-0.13660607565830887,neg
(รีสอร์ท - ADJ),0,-0.13529700063019764,-0.13529700063019764,neg
(ชดเชย - ADV),0,-0.13515281953428432,-0.13515281953428432,neg
(คุณนำ - ADJ),0.13052429831735676,0,0.13052429831735676,pos
(ตื่น - ADV),0,-0.13052429831735676,-0.13052429831735676,neg
(ตรู่ - ADV),0.12963637792064003,0,0.12963637792064003,pos
(งู - ADJ),0.12963637792064003,0,0.12963637792064003,pos
(Jud - ADJ),0.12963637792064003,0,0.12963637792064003,pos
(มากน้อย - ADV),0.16716269784503585,-0.0390503023654387,0.12811239547959713,pos
(แขวน - ADV),0.12704365036222726,0,0.12704365036222726,pos
(ดึง - ADV),0,-0.12704365036222726,-0.12704365036222726,neg
(ต่อรอง - ADJ),0.03155057542108293,-0.15723224054731097,-0.12568166512622803,neg
(คลับ - ADV),0.1221573561175262,0,0.1221573561175262,pos
(คั่ว - ADJ),0.1221573561175262,0,0.1221573561175262,pos
(โมฆะ - ADJ),0.1221573561175262,0,0.1221573561175262,pos
(เหมือน - ADV),0,-0.1221573561175262,-0.1221573561175262,neg
(บ้า - ADJ),0.12704365036222726,-0.005492591887688165,0.12155105847453909,pos
(นายเที่ยงป้าย - ADJ),0.12061106047046892,0,0.12061106047046892,pos
(รัด - ADJ),0.12061106047046892,0,0.12061106047046892,pos
(สเตียรอยด์ - ADJ),0,-0.12061106047046892,-0.12061106047046892,neg
(คว้า - ADJ),0.16716269784503585,-0.04657025306533257,0.12059244477970327,pos
(ยาง - ADJ),0,-0.1197942193079875,-0.1197942193079875,neg
(kala - ADJ),0,-0.11910342221458804,-0.11910342221458804,neg
(แรมอมา - ADJ),0,-0.11873238351610023,-0.11873238351610023,neg
(จ่าย - ADJ),0.11851086787521198,0,0.11851086787521198,pos
(ย้อนกลับ - ADJ),0,-0.11763300959465486,-0.11763300959465486,neg
(กลั่นแกล้ง - ADJ),0,-0.11763300959465486,-0.11763300959465486,neg
(barachout - ADJ),0,-0.11343183068056004,-0.11343183068056004,neg
(เกาะเรา - ADJ),0.1120973385549064,0,0.1120973385549064,pos
(อนด์คลิฟรีสอร์ทแอนด์สปา - ADJ),0,-0.10952038824329935,-0.10952038824329935,neg
(ท้องร่วง - ADJ),0,-0.1085843165489122,-0.1085843165489122,neg
(ยักษ์ - ADJ),0.11299367410709739,-0.005817016957977438,0.10717665714911995,pos
(ชัดเจน - ADV),0.12051154996252635,-0.014040884415620907,0.10647066554690544,pos
(ยานพาหนะ - ADJ),0.10586970863518938,0,0.10586970863518938,pos
(สี - ADJ),0.10586970863518938,0,0.10586970863518938,pos
(fundont - ADV),0,-0.10586970863518938,-0.10586970863518938,neg
(อูฐ - ADJ),0,-0.10586970863518938,-0.10586970863518938,neg
(กลัว - ADV),0,-0.10245455674373165,-0.10245455674373165,neg
(ลอนดอน - ADV),0,-0.1008282939382756,-0.1008282939382756,neg
(จังซี - ADV),0.10029761870702152,0,0.10029761870702152,pos
(ลวงตา - ADJ),0.09925285184549004,0,0.09925285184549004,pos
(ได้ยิน - ADV),0,-0.09925285184549004,-0.09925285184549004,neg
(ติดต่อ - ADV),0.10413413964116988,-0.006357238835581426,0.09777690080558846,pos
(โล่ง - ADV),0.048862942447010484,-0.14658882734103146,-0.09772588489402098,neg
(ยกเว้น - ADJ),0.01980930099203128,-0.1173494393221102,-0.09754013833007892,neg
(แบรนด์ - ADV),0.09624518966835398,0,0.09624518966835398,pos
(ลา - ADJ),0,-0.09624518966835398,-0.09624518966835398,neg
(mversace - ADV),0.0948086943001696,0,0.0948086943001696,pos
(ร่มร่อน - ADJ),0.0948086943001696,0,0.0948086943001696,pos
(เต็นท์ - ADJ),0,-0.09452652556713337,-0.09452652556713337,neg
(ทน - ADV),0.005985096593697892,-0.09925285184549004,-0.09326775525179215,neg
(เดิน - ADJ),0.09286816546946436,0,0.09286816546946436,pos
(เจ็ทสกีบานา - ADJ),0.008733523168805723,-0.10136461465071323,-0.0926310914819075,neg
(อนามัย - ADJ),0,-0.09250751239968004,-0.09250751239968004,neg
(จักรยาน - ADJ),0,-0.09161801708814465,-0.09161801708814465,neg
(สัมผัส - ADV),0.09074546454444804,0,0.09074546454444804,pos
(อื้อฉาว - ADJ),0.08988937525629287,0,0.08988937525629287,pos
(อ่าว - ADJ),0.10029761870702152,-0.010839901908039868,0.08945771679898165,pos
(อ่อนโยน - ADJ),0,-0.08846342348897539,-0.08846342348897539,neg
(ฉุกเฉิน - ADJ),0,-0.08822475719599114,-0.08822475719599114,neg
(โบราณ - ADJ),0.0874153557538261,0,0.0874153557538261,pos
(ดำเนินการ - ADJ),0,-0.08642425194709337,-0.08642425194709337,neg
(แห้ง - ADJ),0.08550368069566394,0,0.08550368069566394,pos
(ยาง - ADV),0,-0.08358134892251792,-0.08358134892251792,neg
(สะพานหิน - ADJ),0,-0.08285455458406125,-0.08285455458406125,neg
(ฆ่า - ADJ),0.08185802214061035,0,0.08185802214061035,pos
(จำหน่าย - ADV),0.08040737364697928,0,0.08040737364697928,pos
(อดทน - ADJ),0.1031198460732364,-0.023353612198938833,0.07976623387429757,pos
(sunglases - ADV),0.07940228147639204,0,0.07940228147639204,pos
(ซ่อน - ADV),0.07842200639643657,0,0.07842200639643657,pos
(บรรยากาศ - ADV),0,-0.07746564046477272,-0.07746564046477272,neg
(กลยุทธ์ - ADV),0,-0.07746564046477272,-0.07746564046477272,neg
(น่ากลัว - ADV),0,-0.07746564046477272,-0.07746564046477272,neg
(บันเทิง - ADJ),0,-0.07653231949531762,-0.07653231949531762,neg
(ราบ - ADJ),0,-0.07632906009004513,-0.07632906009004513,neg
(ผิดพลาด - ADJ),0,-0.0756212204537067,-0.0756212204537067,neg
(นวด - ADV),0.07497138900933385,0,0.07497138900933385,pos
(เจ็ทสกีพาราเซล - ADJ),0.0749078127135774,0,0.0749078127135774,pos
(ลอย - ADJ),0,-0.07467691593225195,-0.07467691593225195,neg
(ยา - ADV),0.0721838922512655,0,0.0721838922512655,pos
(แท็กซี่ - ADV),0.026176576310898474,-0.09801345216108068,-0.0718368758501822,neg
(จ้าง - ADV),0,-0.07057980575679292,-0.07057980575679292,neg
(เศร้า - ADV),0.007741843410251509,-0.07746564046477272,-0.06972379705452121,neg
(วิเศษ - ADV),0.06954944362895653,0,0.06954944362895653,pos
(มะพร้าว - ADV),0.06904546215338438,0,0.06904546215338438,pos
(ยะเยือกเมื่อ - ADV),0.06830303782915444,0,0.06830303782915444,pos
(บัส - ADJ),0,-0.06830303782915444,-0.06830303782915444,neg
(ตุ๊กตุ๊กมาเฟีย - ADJ),0,-0.06830303782915444,-0.06830303782915444,neg
(ห่าง - ADV),0,-0.06830303782915444,-0.06830303782915444,neg
(ถั่ว - ADJ),0,-0.06776238667926567,-0.06776238667926567,neg
(คุณซื้อ - ADJ),0,-0.06686507913801434,-0.06686507913801434,neg
(เจ้าของ - ADV),0.10827583837689822,-0.04179067446125896,0.06648516391563926,pos
(สองสาม - ADJ),0.0756212204537067,-0.009445624562247379,0.06617559589145933,pos
(บรรจุ - ADJ),0.06616856789699335,0,0.06616856789699335,pos
(ทั่วไป - ADV),0,-0.06481818896032002,-0.06481818896032002,neg
(avista - ADJ),0.06416345977890266,0,0.06416345977890266,pos
(ลวง - ADJ),0.23820684442917608,-0.17424613717525456,0.06396070725392153,pos
(ดีงาม - ADV),0,-0.06384103033277752,-0.06384103033277752,neg
(ฉลาด - ADJ),0.008438048249375673,-0.0721838922512655,-0.06374584400188982,neg
(คร่าว - ADJ),0.06320579620011306,0,0.06320579620011306,pos
(แสวงหา - ADJ),0,-0.06310115084216586,-0.06310115084216586,neg
(ปริมาณ - ADV),0,-0.06268601169188845,-0.06268601169188845,neg
(เร่งเร้า - ADJ),0,-0.06268601169188845,-0.06268601169188845,neg
(เดินเตร่ - ADJ),0.062276299197170225,0,0.062276299197170225,pos
(ลังเล - ADJ),0,-0.061972512371818174,-0.061972512371818174,neg
(ตุ๊กตุ๊กสั้น - ADJ),0,-0.061972512371818174,-0.061972512371818174,neg
(ราว - ADV),0.0883591370467149,-0.02702991958245453,0.06132921746426037,pos
(ตราบ - ADV),0,-0.060740730916726056,-0.060740730916726056,neg
(ผับ - ADV),0.06049697636296537,0,0.06049697636296537,pos
(แหล่ง - ADV),0.0591818247029009,0,0.0591818247029009,pos
(ล่อลวง - ADJ),0.02190407764865987,-0.08102273620040004,-0.05911865855174017,neg
(ลบ - ADJ),0.05881650479732743,0,0.05881650479732743,pos
(จอด - ADJ),0,-0.05881650479732743,-0.05881650479732743,neg
(ประเทศไทย - ADJ),0,-0.0586747196610551,-0.0586747196610551,neg
(ajae - ADJ),0.057747113801012384,0,0.057747113801012384,pos
(อ้อม - ADJ),0,-0.05739923962148821,-0.05739923962148821,neg
(ติดตาม - ADV),0,-0.0570448663371369,-0.0570448663371369,neg
(มือ - ADJ),0,-0.056970246799205045,-0.056970246799205045,neg
(ต่อเนื่อง - ADV),0,-0.05638031820808902,-0.05638031820808902,neg
(มาเฟีย - ADV),0,-0.05621400458505631,-0.05621400458505631,neg
(ต้น - ADV),0.055526070962511914,0,0.055526070962511914,pos
(เจ็ทสกี - ADV),0.009530589823397901,-0.06481818896032002,-0.05528759913692212,neg
(ลอง - ADV),0.023159296713166747,-0.07823101461843533,-0.05507171790526859,neg
(ทำใจ - ADV),0.00989251063692436,-0.06481818896032002,-0.054925678323395656,neg
(ยิ้ม - ADV),0.016500200434152044,-0.07137283728215014,-0.054872636847998105,neg
(ลาน - ADV),0.05476307168365144,0,0.05476307168365144,pos
(กำปั้น - ADJ),0,-0.054760194121649675,-0.054760194121649675,neg
(ด้อย - ADJ),0,-0.0542921582744561,-0.0542921582744561,neg
(เป้าหมาย - ADJ),0,-0.05406112781371373,-0.05406112781371373,neg
(โด่งดัง - ADJ),0.05383205523823189,0,0.05383205523823189,pos
(สองสาม - ADV),0,-0.05383205523823189,-0.05383205523823189,neg
(หมื่น - ADJ),0,-0.053604915764652844,-0.053604915764652844,neg
(โกลาหล - ADJ),0,-0.053529627961612605,-0.053529627961612605,neg
(ยินดี - ADV),0.019965703217997916,-0.07324996849405606,-0.053284265276058146,neg
(ย้าย - ADV),0.010171629332444134,-0.06268601169188845,-0.05251438235944431,neg
(หนักหน่วง - ADJ),0,-0.05189691599764185,-0.05189691599764185,neg
(โบ๊ท - ADJ),0,-0.051227278371865824,-0.051227278371865824,neg
(เร่ - ADJ),0,-0.05120156602146699,-0.05120156602146699,neg
(umbrellastuk - ADV),0.0508174601448909,0,0.0508174601448909,pos
(ลืม - ADJ),0,-0.0508174601448909,-0.0508174601448909,neg
(นอน - ADJ),0,-0.0508174601448909,-0.0508174601448909,neg
(มาย - ADJ),0.050615000144313645,0,0.050615000144313645,pos
(ยนต์ - ADJ),0,-0.050439671287573686,-0.050439671287573686,neg
(เจ็ตสกีร่ม - ADJ),0.0504141469691378,0,0.0504141469691378,pos
(เก้าอี้ - ADJ),0.0321466726625069,-0.08214460752547714,-0.049997934862970245,neg
(ตลาด - ADV),0,-0.04982103935773618,-0.04982103935773618,neg
(คุณไป - ADJ),0,-0.04924172494659971,-0.04924172494659971,neg
(ยอร์ก้า - ADJ),0.048862942447010484,0,0.048862942447010484,pos
(แกะสลัก - ADJ),0,-0.048366871965314945,-0.048366871965314945,neg
(ร้ายแรง - ADJ),0.010147256418708247,-0.057747113801012384,-0.047599857382304135,neg
(เกาะอื่น - ADJ),0,-0.0474043471500848,-0.0474043471500848,neg
(ถ้วน - ADJ),0,-0.0474043471500848,-0.0474043471500848,neg
(อพยพ - ADV),0,-0.0474043471500848,-0.0474043471500848,neg
(เข็น - ADJ),0.028231922302717167,-0.0756212204537067,-0.04738929815098954,neg
(ตราบ - ADJ),0.047228122811236894,0,0.047228122811236894,pos
(ถนนสกปรก - ADV),0,-0.04705320383786195,-0.04705320383786195,neg
(เครื่องหมาย - ADJ),0,-0.04705320383786195,-0.04705320383786195,neg
(เข้ม - ADJ),0,-0.04705320383786195,-0.04705320383786195,neg
(อมา - ADJ),0,-0.04670722439787767,-0.04670722439787767,neg
(สวรรค์ - ADJ),0,-0.04662261508202757,-0.04662261508202757,neg
(เดียงสา - ADJ),0,-0.04647938427886363,-0.04647938427886363,neg
(มือ - ADV),0.017261365538346094,-0.06352182518111363,-0.04626045964276754,neg
(เชี่ยวชาญ - ADJ),0,-0.04619769104080991,-0.04619769104080991,neg
(ใกล้ชัดเจน - ADJ),0,-0.04553535855276963,-0.04553535855276963,neg
(ระวัง - ADJ),0.04537273227222402,0,0.04537273227222402,pos
(แออัด - ADJ),0.012413908736579016,-0.05739923962148821,-0.0449853308849092,neg
(ดัก - ADJ),0,-0.0447336797050096,-0.0447336797050096,neg
(การ์ด - ADJ),0,-0.0447336797050096,-0.0447336797050096,neg
(เนปาล - ADJ),0,-0.04452464381853759,-0.04452464381853759,neg
(พลาด - ADJ),0.016804715656379265,-0.0610786780587631,-0.044273962402383835,neg
(คุณโต้เถียง - ADJ),0,-0.04411237859799557,-0.04411237859799557,neg
(เสื้อผ้า - ADJ),0,-0.04396118139742661,-0.04396118139742661,neg
(ซ้ำ - ADJ),0,-0.04370767787691305,-0.04370767787691305,neg
(รองเท้า - ADJ),0.04350809943911892,0,0.04350809943911892,pos
(สระ - ADV),0,-0.04332215095242405,-0.04332215095242405,neg
(แทรก - ADJ),0.0429201521494011,0,0.0429201521494011,pos
(อุปถัมภ์ - ADJ),0,-0.0429201521494011,-0.0429201521494011,neg
(ล่ม - ADV),0,-0.042775639852601764,-0.042775639852601764,neg
(โทร - ADV),0.042727685099403785,0,0.042727685099403785,pos
(อ้าง - ADV),0,-0.04253693650521002,-0.04253693650521002,neg
(แข่งขัน - ADV),0.04234788345407575,0,0.04234788345407575,pos
(ยาม - ADJ),0.04200576521189172,0,0.04200576521189172,pos
(เที่ยว - ADJ),0,-0.041890886985259716,-0.041890886985259716,neg
(เร่งรีบ - ADV),0.0416675545419087,0,0.0416675545419087,pos
(หลอกล่อ - ADJ),0.04160818243304386,0,0.04160818243304386,pos
(ปล่อย - ADV),0.028273809427795383,-0.06955793379173468,-0.0412841243639393,neg
(มหัศจรรย์ - ADV),0.006239864949028843,-0.0474043471500848,-0.04116448220105595,neg
(ท้อง - ADJ),0.05014880935351076,-0.009074546454444804,0.041074262899065954,pos
(อุกอาจ - ADJ),0,-0.04092901107030517,-0.04092901107030517,neg
(สะดวก - ADJ),0,-0.04089387887196156,-0.04089387887196156,neg
(สว่าง - ADJ),0.040822370879801013,0,0.040822370879801013,pos
(ลามกอนาจาร - ADJ),0,-0.04058902567483299,-0.04058902567483299,neg
(โบย - ADV),0,-0.04054584586028529,-0.04054584586028529,neg
(ซ้ำแล้วซ้ำ - ADV),0,-0.040493820611150706,-0.040493820611150706,neg
(โสร่ง - ADJ),0,-0.040493820611150706,-0.040493820611150706,neg
(แฮง - ADJ),0.04020368682348964,0,0.04020368682348964,pos
(รูป - ADJ),0.04003476376960943,0,0.04003476376960943,pos
(อ่าวมายา - ADJ),0,-0.03995083344724128,-0.03995083344724128,neg
(ระเบียง - ADV),0,-0.039867254297770056,-0.039867254297770056,neg
(เอารัดเอาเปรียบ - ADV),0,-0.03970114073819602,-0.03970114073819602,neg
(สิ่งมาก - ADJ),0,-0.03970114073819602,-0.03970114073819602,neg
(เปรียบเทียบ - ADV),0.03945454980193393,0,0.03945454980193393,pos
(ยากลำบาก - ADJ),0,-0.039373032137053905,-0.039373032137053905,neg
(หลับ - ADJ),0.007866479898589924,-0.046802948052069686,-0.03893646815347976,neg
(ไอศครีม - ADV),0.038498075867341594,0,0.038498075867341594,pos
(รีบ - ADJ),0,-0.03842045877889937,-0.03842045877889937,neg
(เดา - ADJ),0.06061242860793285,-0.022241535427560796,0.038370893180372054,pos
(แปลก - ADV),0.009061601309716637,-0.0474043471500848,-0.03834274584036816,neg
(งาม - ADJ),0.06137374413634167,-0.02347272475040533,0.03790101938593634,pos
(โยน - ADJ),0,-0.037853400995995864,-0.037853400995995864,neg
(ล้น - ADJ),0.03781061022685335,0,0.03781061022685335,pos
(รื่นเริง - ADJ),0.027778369694605797,-0.06526214915867838,-0.03748377946407258,neg
(สะท้อน - ADJ),0,-0.037291468108269686,-0.037291468108269686,neg
(อุ่น - ADJ),0.05519934104158252,-0.01809063913580895,0.037108701905773575,pos
(คอย - ADJ),0.03704975854886211,0,0.03704975854886211,pos
(ยื่น - ADJ),0,-0.03693868860888694,-0.03693868860888694,neg
(สุ่ม - ADJ),0,-0.03693129370994978,-0.03693129370994978,neg
(ตื่น - ADJ),0,-0.0367178180237651,-0.0367178180237651,neg
(เสื่อ - ADV),0.03650679608109979,0,0.03650679608109979,pos
(หนัก - ADV),0,-0.03650679608109979,-0.03650679608109979,neg
(แอ็คชั่น - ADJ),0.03640219208086741,0,0.03640219208086741,pos
(ซ้าย - ADJ),0.0362402680259458,0,0.0362402680259458,pos
(แก้ตัว - ADJ),0,-0.035874204712552406,-0.035874204712552406,neg
(funtionable - ADJ),0,-0.03568641864107507,-0.03568641864107507,neg
(เปลือยอก - ADJ),0.035526747864157514,0,0.035526747864157514,pos
(รส - ADJ),0,-0.03543209303475686,-0.03543209303475686,neg
(คอนโด - ADJ),0,-0.034902101747864636,-0.034902101747864636,neg
(อยู่แล้ว - ADJ),0.03799640436200485,-0.0032211878895088046,0.03477521647249604,pos
(มุมมอง - ADJ),0.04054584586028529,-0.005817016957977438,0.03472882890230786,pos
(ofcourse - ADJ),0.03471137988038996,0,0.03471137988038996,pos
(ซื้อ - ADV),0.029799353360176865,-0.06446325702671973,-0.03466390366654287,neg
(หาดป่าตอง - ADJ),0.034639292330020485,0,0.034639292330020485,pos
(โก่ง - ADV),0.03452273107669219,0,0.03452273107669219,pos
(บันเทิง - ADV),0.034431871417864676,0,0.034431871417864676,pos
(เพลิดเพลิน - ADJ),0,-0.03439810027858139,-0.03439810027858139,neg
(แก้ว - ADJ),0.03424357152620681,0,0.03424357152620681,pos
(เจ็บปวด - ADV),0.0338783067632606,0,0.0338783067632606,pos
(ล้อม - ADJ),0,-0.0338783067632606,-0.0338783067632606,neg
(ตัวอย่าง - ADJ),0,-0.03378820488357108,-0.03378820488357108,neg
(นอน - ADV),0.049433326989193484,-0.015934622995836818,0.033498703993356665,pos
(เกรียม - ADJ),0,-0.03343253956900717,-0.03343253956900717,neg
(ยินดี - ADJ),0.033276172029996526,0,0.033276172029996526,pos
(เช้า - ADJ),0.033084283948496676,0,0.033084283948496676,pos
(บ่น - ADJ),0.04649694765593046,-0.013713692828392406,0.03278325482753805,pos
(ใสพอ - ADJ),0.032743208856244134,0,0.032743208856244134,pos
(อร่อย - ADV),0.0379985015086643,-0.07051940628906463,-0.032520904780400324,neg
(ไดรฟ์ - ADV),0,-0.0325197057241196,-0.0325197057241196,neg
(จิบ - ADV),0.012578579243784877,-0.0447336797050096,-0.03215510046122472,neg
(เมืองหาดป่า - ADV),0.03208172988945133,0,0.03208172988945133,pos
(บวก - ADJ),0,-0.03206697034854676,-0.03206697034854676,neg
(รอง - ADJ),0.040193069383006506,-0.00816941355833831,0.03202365582466819,pos
(แตกต่าง - ADJ),0.04378265883337615,-0.011785857452965747,0.0319968013804104,pos
(ตื้น - ADJ),0.00998770836181032,-0.041932840201078125,-0.03194513183926781,neg
(ตะกอน - ADJ),0.031760912590556814,0,0.031760912590556814,pos
(ผ่อนคลาย - ADJ),0.03152479455473355,0,0.03152479455473355,pos
(เคารพ - ADJ),0.031455812509756015,0,0.031455812509756015,pos
(โต๊ะ - ADV),0.03144644810946219,0,0.03144644810946219,pos
(เทียบ - ADJ),0,-0.03144644810946219,-0.03144644810946219,neg
(ร่มรื่น - ADJ),0,-0.031390625216191695,-0.031390625216191695,neg
(เฒ่า - ADJ),0.030986256185909087,0,0.030986256185909087,pos
(เดิม - ADJ),0.046074699733841346,-0.015199348375182728,0.03087535135865862,pos
(แปรง - ADV),0,-0.03083583746656001,-0.03083583746656001,neg
(บานา - ADJ),0,-0.03083583746656001,-0.03083583746656001,neg
(คลับ - ADJ),0.013302487171719477,-0.0440097684848671,-0.030707281313147625,neg
(เครียด - ADJ),0.030637536260987284,0,0.030637536260987284,pos
(หนัก - ADJ),0.09925285184549004,-0.0688512756208168,0.030401576224673238,pos
(เจทสกีบาง - ADJ),0.03039321779000652,0,0.03039321779000652,pos
(ถ้วย - ADJ),0.030248488181482684,0,0.030248488181482684,pos
(หอย - ADJ),0,-0.030248488181482684,-0.030248488181482684,neg
(ขี้ - ADJ),0,-0.03015798528033252,-0.03015798528033252,neg
(เยี่ยมชมชายหาด - ADV),0.03007662177136062,0,0.03007662177136062,pos
(ไฟ - ADJ),0.03005764598475408,0,0.03005764598475408,pos
(ลาดตระเวน - ADV),0.029963125085430954,0,0.029963125085430954,pos
(โผ - ADJ),0.029963125085430954,0,0.029963125085430954,pos
(ถนนปกติ - ADJ),0,-0.02987076637290078,-0.02987076637290078,neg
(สั่ง - ADJ),0.029683095879025057,0,0.029683095879025057,pos
(จราจร - ADV),0,-0.029683095879025057,-0.029683095879025057,neg
(สงสัย - ADJ),0.008262464253526747,-0.03790085034672651,-0.029638386093199763,neg
(ขับ - ADJ),0.029545034967959825,0,0.029545034967959825,pos
(อังกฤษ - ADJ),0.029545034967959825,0,0.029545034967959825,pos
(เจ้าของ - ADJ),0,-0.029545034967959825,-0.029545034967959825,neg
(โซน - ADJ),0,-0.029518082786362424,-0.029518082786362424,neg
(สมบูรณ์ - ADJ),0.029517576757023063,0,0.029517576757023063,pos
(ชีวิตชีวา - ADV),0.02949929961971221,0,0.02949929961971221,pos
(แดด - ADV),0.02933735983052755,0,0.02933735983052755,pos
(เชือก - ADJ),0,-0.029272730498209044,-0.029272730498209044,neg
(ลิฟต์ - ADV),0.0429201521494011,-0.01372950111983724,0.029190651029563856,pos
(ดั้งเดิม - ADV),0,-0.02913845191794203,-0.02913845191794203,neg
(ช็อปปิ้ง - ADV),0,-0.02913845191794203,-0.02913845191794203,neg
(ตื่นเต้น - ADV),0.02900539962607928,0,0.02900539962607928,pos
(ที่สระ - ADV),0,-0.02900539962607928,-0.02900539962607928,neg
(จองหอง - ADV),0,-0.028873556900506192,-0.028873556900506192,neg
(คลินิก - ADV),0,-0.028742907321770875,-0.028742907321770875,neg
(คุ้ม - ADJ),0.010968283312891559,-0.03970114073819602,-0.028732857425304462,neg
(แทน - ADV),0,-0.028693226181553892,-0.028693226181553892,neg
(ร่ม - ADJ),0.028372315099260196,0,0.028372315099260196,pos
(คุณพลาด - ADJ),0,-0.02835795767014001,-0.02835795767014001,neg
(ตั๋ว - ADV),0,-0.02835795767014001,-0.02835795767014001,neg
(แฮร์ - ADV),0.028273809427795383,0,0.028273809427795383,pos
(สด - ADJ),0.01689410244178554,-0.045157695626384095,-0.028263593184598555,neg
(งั้น - ADJ),0.0380826290054638,-0.01003511784778953,0.028047511157674274,pos
(เด็ด - ADJ),0.027779223840137156,0,0.027779223840137156,pos
(เจ็ทสกีร่ม - ADV),0.027779223840137156,0,0.027779223840137156,pos
(อนุรักษ์นิยม - ADJ),0,-0.027779223840137156,-0.027779223840137156,neg
(โชค - ADJ),0,-0.027721580788229637,-0.027721580788229637,neg
(โสเภณี - ADJ),0,-0.027618184861353753,-0.027618184861353753,neg
(เกลียด - ADV),0,-0.02757852530831367,-0.02757852530831367,neg
(เศร้ามาก - ADJ),0,-0.02754051024832672,-0.02754051024832672,neg
(เร่งรีบ - ADJ),0.027512547975040193,0,0.027512547975040193,pos
(ครรภ์ - ADJ),0.02745900223967448,0,0.02745900223967448,pos
(ใส่ใจ - ADV),0,-0.02743923333957392,-0.02743923333957392,neg
(มิตร - ADV),0.02738153584182572,0,0.02738153584182572,pos
(ปลอด - ADJ),0.027321215131661775,0,0.027321215131661775,pos
(แย่ - ADV),0,-0.02720878167247666,-0.02720878167247666,neg
(ธรรมชาติ - ADJ),0,-0.02714607913722805,-0.02714607913722805,neg
(ชม - ADV),0.027142684721206175,0,0.027142684721206175,pos
(แปลกใจ - ADJ),0.027068959594224555,0,0.027068959594224555,pos
(เบียร์ - ADJ),0,-0.02699227698914177,-0.02699227698914177,neg
(ใจดี - ADJ),0.02695369934429719,0,0.02695369934429719,pos
(แผง - ADV),0.026932658205074473,0,0.026932658205074473,pos
(ออกกลาง - ADJ),0.02682509509337569,0,0.02682509509337569,pos
(แสง - ADJ),0,-0.02668984251307295,-0.02668984251307295,neg
(ตา - ADV),0.0055869826338742715,-0.03224458131020996,-0.026657598676335693,neg
(น้ำตาล - ADJ),0,-0.026626609908247716,-0.026626609908247716,neg
(ท่อ - ADJ),0,-0.026467427158797345,-0.026467427158797345,neg
(beachit - ADV),0,-0.026467427158797345,-0.026467427158797345,neg
(สาหร่าย - ADV),0.026335748416713777,0,0.026335748416713777,pos
(ไว้ใจ - ADV),0.02632119827946697,0,0.02632119827946697,pos
(อนุญาต - ADV),0.02624868809136927,0,0.02624868809136927,pos
(แสง - ADV),0.02624868809136927,0,0.02624868809136927,pos
(คุณค้นคว้า - ADJ),0,-0.02624868809136927,-0.02624868809136927,neg
(ล้อม - ADV),0.026176576310898474,0,0.026176576310898474,pos
(ตลก - ADV),0,-0.02613692057628818,-0.02613692057628818,neg
(คลื่นใหญ่ - ADJ),0,-0.026104859663471352,-0.026104859663471352,neg
(อม - ADJ),0,-0.02597946924751536,-0.02597946924751536,neg
(ตุ๊กตุ๊กช่าง - ADJ),0.02589204830751914,0,0.02589204830751914,pos
(เสื้อ - ADJ),0.02589204830751914,0,0.02589204830751914,pos
(โปรด - ADV),0.025874470542205142,0,0.025874470542205142,pos
(เต็ม - ADJ),0.051472414367856066,-0.0772809397643021,-0.025808525396446035,neg
(เปรอะเปื้อน - ADJ),0,-0.025769503116070437,-0.025769503116070437,neg
(ทรยศ - ADJ),0,-0.02571611147935331,-0.02571611147935331,neg
(พลัง - ADJ),0.02569653122213334,0,0.02569653122213334,pos
(braclets - ADJ),0.025613639185932912,0,0.025613639185932912,pos
(คุณมี - ADJ),0,-0.02551077316510587,-0.02551077316510587,neg
(ดูด - ADJ),0,-0.025410895004724623,-0.025410895004724623,neg
(สว่าง - ADV),0.02540873007244545,0,0.02540873007244545,pos
(เต็นท์ - ADV),0,-0.02540873007244545,-0.02540873007244545,neg
(ช้อปปิ้ง - ADV),0.010029761870702151,-0.03542109210842767,-0.02539133023772552,neg
(โต้ตอบ - ADJ),0.025341153662678306,0,0.025341153662678306,pos
(tooooooo - ADJ),0,-0.025307500072156822,-0.025307500072156822,neg
(ๆ น้อย - ADJ),0.0252739357484537,0,0.0252739357484537,pos
(น้ำเงิน - ADJ),0,-0.0252070734845689,-0.0252070734845689,neg
(แล้ง - ADJ),0.02518301836547475,0,0.02518301836547475,pos
(แย่ - ADJ),0.018239561033639894,-0.043388615525516025,-0.02514905449187613,neg
(บิล - ADJ),0,-0.02507440467675538,-0.02507440467675538,neg
(ใส - ADJ),0.012225299671208448,-0.0371247593443744,-0.02489945967316595,neg
(ดู - ADV),0.012788773236226245,-0.03768195468531963,-0.024893181449093388,neg
(รังเกียจ - ADJ),0.02478501089130776,0,0.02478501089130776,pos
(กะตะมาก - ADJ),0.024716663494596742,0,0.024716663494596742,pos
(ลอนดอน - ADJ),0,-0.024620862473299854,-0.024620862473299854,neg
(สมควร - ADJ),0,-0.024620862473299854,-0.024620862473299854,neg
(ค่ำ - ADJ),0,-0.02458274968309351,-0.02458274968309351,neg
(รัสเซีย - ADJ),0,-0.024520778365814073,-0.024520778365814073,neg
(บ่าย - ADJ),0.024494277062126077,0,0.024494277062126077,pos
(แอสฟัลต์ - ADJ),0,-0.024431471223505242,-0.024431471223505242,neg
(ดิสก์ - ADV),0.024368986642370957,0,0.024368986642370957,pos
(จดจำ - ADJ),0.024330560762130044,0,0.024330560762130044,pos
(คัน - ADJ),0.024244971443173138,0,0.024244971443173138,pos
(พลาสติก - ADJ),0,-0.024061297417088495,-0.024061297417088495,neg
(ดีใจ - ADJ),0.036647206835257864,-0.012620988864757245,0.02402621797050062,pos
(เช้าตรู่ - ADJ),0,-0.023925613842371983,-0.023925613842371983,neg
(ต่อรอง - ADV),0.02390819885730725,0,0.02390819885730725,pos
(เช้า - ADV),0.03053933902938155,-0.006651385224734991,0.02388795380464656,pos
(waterspouts - ADJ),0.023880385406433693,0,0.023880385406433693,pos
(ญาติ - ADJ),0,-0.023790945760716716,-0.023790945760716716,neg
(ทำมาหากิน - ADJ),0,-0.0237021735750424,-0.0237021735750424,neg
(สัก - ADJ),0.03378820488357108,-0.010109216819239451,0.02367898806433163,pos
(เมืองภูเก็ต - ADJ),0,-0.023614061405618447,-0.023614061405618447,neg
(บาร์คลับ - ADJ),0.02349759254541811,0,0.02349759254541811,pos
(แน่ใจ - ADJ),0.010883512668990663,-0.034308606961714797,-0.023425094292724134,neg
(ชั่วโมง - ADV),0.02329651290260891,0,0.02329651290260891,pos
(พักผ่อน - ADJ),0.03680078417141376,-0.013519430804961843,0.02328135336645192,pos
(ริม - ADJ),0.02326101345786165,0,0.02326101345786165,pos
(กิน - ADJ),0.023239692139431816,0,0.023239692139431816,pos
(โอ้ - ADJ),0.02318314787631884,0,0.02318314787631884,pos
(x - ADJ),0,-0.02318314787631884,-0.02318314787631884,neg
(ถนนสกปรก - ADJ),0,-0.023098845520404955,-0.023098845520404955,neg
(อัปยศ - ADJ),0,-0.023039987841892845,-0.023039987841892845,neg
(ร่มเก่า - ADJ),0,-0.022849577403278285,-0.022849577403278285,neg
(ทึ่ง - ADJ),0.022843846587675257,0,0.022843846587675257,pos
(ชง - ADJ),0.022740510208035906,0,0.022740510208035906,pos
(ชายหาด - ADV),0.03084829681750751,-0.008287257036022651,0.02256103978148486,pos
(ไหล - ADV),0,-0.022472343814073217,-0.022472343814073217,neg
(เกลื่อน - ADV),0.0223668398525048,0,0.0223668398525048,pos
(คุกคาม - ADJ),0,-0.022059293581010487,-0.022059293581010487,neg
(ลองค้นหา - ADV),0,-0.022056189298997785,-0.022056189298997785,neg
(เหยาะ - ADV),0.02197987030488361,0,0.02197987030488361,pos
(สปา - ADV),0,-0.02182880590416276,-0.02182880590416276,neg
(ไทย - ADJ),0.03129153949808553,-0.009559197820730893,0.02173234167735464,pos
(เขี่ย - ADJ),0,-0.021679803816079736,-0.021679803816079736,neg
(แข็ง - ADJ),0.02178076714690682,-0.04341595188408367,-0.02163518473717685,neg
(ตำรวจ - ADJ),0,-0.021606062986773342,-0.021606062986773342,neg
(hah - ADJ),0.021532822095292753,0,0.021532822095292753,pos
(ยอดเยี่ยม - ADJ),0.05185724697112506,-0.03055193885586977,0.021305308115255286,pos
(ม็อบ - ADV),0,-0.02124475758565673,-0.02124475758565673,neg
(โต้เถียง - ADJ),0.021138710542799876,0,0.021138710542799876,pos
(สวย - ADJ),0.021062196243424897,0,0.021062196243424897,pos
(แปลก - ADJ),0.026802457882326422,-0.005817016957977438,0.020985440924348984,pos
(สิ้นสุด - ADJ),0,-0.020964298739641462,-0.020964298739641462,neg
(ฟัน - ADJ),0,-0.020964298739641462,-0.020964298739641462,neg
(จังซีลอน - ADJ),0.020929761179938593,0,0.020929761179938593,pos
(เสน่ห์ - ADV),0,-0.020826827928233975,-0.020826827928233975,neg
(สวย - ADV),0.00982926927655282,-0.030585758121188297,-0.020756488844635476,neg
(ซับซ้อน - ADJ),0,-0.020731666181825596,-0.020731666181825596,neg
(สุข - ADV),0.009041073155319813,-0.029683095879025057,-0.020642022723705244,neg
(ทำใจ - ADJ),0.02062396921464728,0,0.02062396921464728,pos
(บ่อ - ADJ),0,-0.02059721957883062,-0.02059721957883062,neg
(สนุก - ADJ),0.026838343811833414,-0.006246000509450701,0.02059234330238271,pos
(จักรยาน - ADV),0,-0.02057288918348265,-0.02057288918348265,neg
(อิสระ - ADJ),0.009338017067140606,-0.029861049973844353,-0.020523032906703747,neg
(เยี่ยมชมเชียงใหม่ - ADJ),0,-0.02049091134874633,-0.02049091134874633,neg
(เว้น - ADJ),0,-0.02049091134874633,-0.02049091134874633,neg
(แพง - ADV),0.028297847080626968,-0.007821167745896898,0.020476679334730068,pos
(hummm - ADJ),0,-0.020403155839758123,-0.020403155839758123,neg
(ดึงดูด - ADJ),0,-0.020390505414125532,-0.020390505414125532,neg
(อ้วน - ADJ),0,-0.020368199942454746,-0.020368199942454746,neg
(สนุก - ADV),0.0418444961912561,-0.021532822095292753,0.02031167409596335,pos
(อบอุ่น - ADJ),0.03943974615125906,-0.019188301787842307,0.020251444363416752,pos
(อ่อนน้อม - ADJ),0.02016565878765512,0,0.02016565878765512,pos
(ยากล - ADV),0.02016565878765512,0,0.02016565878765512,pos
(เรี่ยวแรง - ADJ),0,-0.02010184341174482,-0.02010184341174482,neg
(เจ็ทสกีเสียง - ADV),0,-0.020070086945059597,-0.020070086945059597,neg
(หลวง - ADJ),0.025443020030015046,-0.005404579567309724,0.020038440462705323,pos
(ปกติ - ADV),0.06832835454015238,-0.08831246201544471,-0.019984107475292334,neg
(แกล้ง - ADJ),0,-0.01997541672362064,-0.01997541672362064,neg
(ที่บิน - ADV),0,-0.01997541672362064,-0.01997541672362064,neg
(ๆ น้อย - ADV),0,-0.019965703217997916,-0.019965703217997916,neg
(พัฒพงษ์ - ADJ),0.019912797862418063,0,0.019912797862418063,pos
(หมาย - ADJ),0,-0.01988163542444871,-0.01988163542444871,neg
(อนุญาต - ADJ),0,-0.019743745459663634,-0.019743745459663634,neg
(ระลึก - ADJ),0.03777467777654003,-0.018163967178244252,0.01961071059829578,pos
(เลว - ADV),0.01960550159910914,0,0.01960550159910914,pos
(เหน็บเหน็บ - ADJ),0.019575292813902506,0,0.019575292813902506,pos
(หลบ - ADJ),0.016371604428122067,-0.03593826579239625,-0.019566661364274183,neg
(เสมอ - ADJ),0.03863857979386474,-0.019104308325146955,0.019534271468717782,pos
(เมืองเก่า - ADJ),0,-0.019506353513598033,-0.019506353513598033,neg
(นวด - ADJ),0,-0.019485222448194364,-0.019485222448194364,neg
(พักผ่อน - ADV),0.01941705039090661,0,0.01941705039090661,pos
(อ่าวป่า - ADJ),0,-0.019405852906653857,-0.019405852906653857,neg
(สถานที่ - ADJ),0,-0.0193075456477549,-0.0193075456477549,neg
(ค็อกเทลเย็น - ADJ),0.019190883740517712,0,0.019190883740517712,pos
(หา - ADJ),0.019190883740517712,0,0.019190883740517712,pos
(goin - ADJ),0,-0.019190883740517712,-0.019190883740517712,neg
(ทราบ - ADV),0,-0.019135183117415643,-0.019135183117415643,neg
(เดิมแผง - ADV),0.0190756231775116,0,0.0190756231775116,pos
(โต้เถียง - ADV),0,-0.019051552971783663,-0.019051552971783663,neg
(แพคเกจ - ADJ),0,-0.01904702404231293,-0.01904702404231293,neg
(พาราเซล - ADJ),0.018998202181002424,0,0.018998202181002424,pos
(เขียง - ADV),0,-0.018973066063654013,-0.018973066063654013,neg
(จืด - ADJ),0.010977273936828392,-0.02987076637290078,-0.018893492436072388,neg
(เหล็ก - ADJ),0.018849206285196922,0,0.018849206285196922,pos
(สินค้า - ADV),0.018738001528352102,0,0.018738001528352102,pos
(ไหร่ - ADJ),0.01872695317839435,0,0.01872695317839435,pos
(แท็กซี่ - ADJ),0.046202054282499606,-0.027525307324392057,0.01867674695810755,pos
(ตรงข้าม - ADJ),0.01858868223776773,0,0.01858868223776773,pos
(เยี่ยมชม - ADJ),0.01856272548842105,0,0.01856272548842105,pos
(ลับ - ADJ),0.04938239883440771,-0.030820356231372713,0.018562042603034998,pos
(คึกคัก - ADV),0.018534878615501123,0,0.018534878615501123,pos
(mr - ADV),0.018519482560091435,0,0.018519482560091435,pos
(อืม - ADJ),0.018508690320837306,0,0.018508690320837306,pos
(เชียงใหม่ - ADJ),0,-0.0184739086200554,-0.0184739086200554,neg
(ร้าย - ADJ),0.03982559572483613,-0.021419276217891487,0.01840631950694464,pos
(โกหก - ADJ),0,-0.01836261755815867,-0.01836261755815867,neg
(วาง - ADJ),0,-0.018268856320201428,-0.018268856320201428,neg
(จ่าย - ADV),0.02159176003468815,-0.03985467365266784,-0.018262913617979687,neg
(ใจร้อน - ADJ),0.018253398040549894,0,0.018253398040549894,pos
(คู่ - ADV),0.018253398040549894,0,0.018253398040549894,pos
(เด็ก - ADV),0,-0.018253398040549894,-0.018253398040549894,neg
(แพง - ADJ),0.03606743897186198,-0.05427014157014206,-0.01820270259828008,neg
(เพลิดเพลิน - ADV),0.018169632478078016,0,0.018169632478078016,pos
(แลกเปลี่ยน - ADJ),0.018149092908889608,0,0.018149092908889608,pos
(โลกาภิวัตน์ - ADJ),0.018097386091485364,0,0.018097386091485364,pos
(อดเยี่ยม - ADJ),0.018045973062816374,0,0.018045973062816374,pos
(ถ่าย - ADV),0.01796939891969268,0,0.01796939891969268,pos
(อาหารแดง - ADJ),0.017944018412743963,0,0.017944018412743963,pos
(ซื้อ - ADJ),0,-0.017843209320537536,-0.017843209320537536,neg
(แสน - ADV),0.017802236925026006,0,0.017802236925026006,pos
(Phucket - ADV),0,-0.017710546054213835,-0.017710546054213835,neg
(สมอ - ADJ),0.017596073457372196,0,0.017596073457372196,pos
(คาเฟ่สถาน - ADV),0.017579840917282367,0,0.017579840917282367,pos
(มรสุม - ADJ),0.01754746551964465,0,0.01754746551964465,pos
(tempreture - ADJ),0,-0.017419147673065894,-0.017419147673065894,neg
(บ้าจัง - ADJ),0.01729269288052095,0,0.01729269288052095,pos
(พาล - ADJ),0,-0.017230151495781273,-0.017230151495781273,neg
(โฉม - ADJ),0.017214586769949494,0,0.017214586769949494,pos
(อบอุ่น - ADV),0.017199050139290694,0,0.017199050139290694,pos
(หงุดหงิด - ADJ),0,-0.017188188298054803,-0.017188188298054803,neg
(โจชั้น - ADV),0,-0.017106416116996488,-0.017106416116996488,neg
(สมเหตุสมผล - ADJ),0.0365895215483189,-0.01949679432792341,0.01709272722039549,pos
(ลำพัง - ADV),0,-0.017068585007658617,-0.017068585007658617,neg
(ไฮซีซั่น - ADV),0.0169391533816303,0,0.0169391533816303,pos
(ลืม - ADV),0.01825435722788381,-0.03519214691474439,-0.01693778968686058,neg
(ขี้ - ADV),0,-0.016924109728538268,-0.016924109728538268,neg
(ไนท์ - ADV),0.01689410244178554,0,0.01689410244178554,pos
(โอกาส - ADJ),0,-0.01689410244178554,-0.01689410244178554,neg
(หมวก - ADJ),0,-0.01686420137551689,-0.01686420137551689,neg
(งี่ - ADJ),0,-0.016834405966726227,-0.016834405966726227,neg
(ทาน - ADJ),0,-0.0167825165603999,-0.0167825165603999,neg
(หาบ - ADJ),0,-0.0167751298893786,-0.0167751298893786,neg
(รับมือ - ADJ),0,-0.0167751298893786,-0.0167751298893786,neg
(สบถ - ADJ),0,-0.016745648114529076,-0.016745648114529076,neg
(บ้าคลั่ง - ADJ),0,-0.01669430359556206,-0.01669430359556206,neg
(ขาว - ADJ),0.06871399841328135,-0.05202360497931195,0.0166903934339694,pos
(มืด - ADV),0,-0.016583533052755877,-0.016583533052755877,neg
(ลึก - ADV),0.01655505525945317,0,0.01655505525945317,pos
(เสนอ - ADJ),0.03053933902938155,-0.04705320383786195,-0.016513864808480397,neg
(ติด - ADV),0,-0.01651347275072278,-0.01651347275072278,neg
(โรงแรมสะอาด - ADJ),0,-0.01651347275072278,-0.01651347275072278,neg
(สะอาด - ADV),0.026659557451346308,-0.01018195826338101,0.0164775991879653,pos
(หนาวเย็น - ADJ),0.01634352277387143,0,0.01634352277387143,pos
(ย่าง - ADJ),0.028967871671452896,-0.012769067884552553,0.01619880378690034,pos
(ยกเว้น - ADV),0.027380097060824837,-0.011203143770919511,0.016176953289905326,pos
(ยุ่งยาก - ADV),0.028750612633917,-0.012620736887747565,0.016129875746169434,pos
(สนใจ - ADJ),0.016081474729395855,0,0.016081474729395855,pos
(ไอศกรีม - ADV),0.016040864944725664,0,0.016040864944725664,pos
(สุภาพมาก - ADV),0.016040864944725664,0,0.016040864944725664,pos
(มากร้าน - ADV),0.016040864944725664,0,0.016040864944725664,pos
(หลัก - ADJ),0.050234065599578305,-0.03420016256956509,0.016033903030013216,pos
(ตุ๊กตุ๊กวิ่ง - ADV),0,-0.016013905507843772,-0.016013905507843772,neg
(สถาน - ADV),0.005944026061863408,-0.02191914559129632,-0.01597511952943291,neg
(ต่ำต้อย - ADV),0,-0.015933568189242547,-0.015933568189242547,neg
(เช่า - ADJ),0.03278101219841319,-0.016855468043334924,0.015925544155078263,pos
(เร่ง - ADJ),0,-0.015919497582456813,-0.015919497582456813,neg
(โลภ - ADJ),0,-0.01591228085699239,-0.01591228085699239,neg
(โผล่ - ADJ),0,-0.015906967908459173,-0.015906967908459173,neg
(หนาแน่น - ADJ),0.02920543686487983,-0.013319277858201126,0.015886159006678703,pos
(หาบเร่ - ADJ),0.034431871417864676,-0.018576342530759543,0.015855528887105133,pos
(ที่นั่น - ADV),0.015768160493921574,0,0.015768160493921574,pos
(เสรี - ADJ),0,-0.01575442092785556,-0.01575442092785556,neg
(หมอ - ADJ),0,-0.015749212854821563,-0.015749212854821563,neg
(ต่อสู้ - ADJ),0,-0.015739386478421716,-0.015739386478421716,neg
(แข็งแกร่ง - ADJ),0,-0.015710717286293443,-0.015710717286293443,neg
(ด้วยซ้ำ - ADV),0,-0.01566506169694541,-0.01566506169694541,neg
(มลพิษ - ADJ),0,-0.015645769749042766,-0.015645769749042766,neg
(ติดขัด - ADJ),0.01563037036936851,0,0.01563037036936851,pos
(สามสระ - ADJ),0,-0.015620120946175483,-0.015620120946175483,neg
(คุณหลง - ADJ),0,-0.015594556100109729,-0.015594556100109729,neg
(ซ่อน - ADJ),0,-0.015594556100109729,-0.015594556100109729,neg
(ใกล้ชิด - ADJ),0.016323981623231797,-0.0317525882863061,-0.015428606663074305,neg
(ระมัดระวัง - ADV),0,-0.015417918733280005,-0.015417918733280005,neg
(หาดป่า - ADJ),0,-0.015417918733280005,-0.015417918733280005,neg
(เกลียด - ADJ),0.02850627314977606,-0.013100685348892001,0.01540558780088406,pos
(เหม็น - ADJ),0,-0.015397821060741118,-0.015397821060741118,neg
(เริ่มต้น - ADV),0,-0.01534730211774929,-0.01534730211774929,neg
(สังสรรค์ - ADV),0,-0.015269669514690776,-0.015269669514690776,neg
(พัน - ADJ),0,-0.015262435373014997,-0.015262435373014997,neg
(กะตะน้อย - ADJ),0,-0.015249000401230561,-0.015249000401230561,neg
(โอเค - ADJ),0.024520168761002117,-0.0397473907381341,-0.015227221977131986,neg
(บวม - ADV),0.01522088462806237,0,0.01522088462806237,pos
(ยา - ADJ),0,-0.015156219437062133,-0.015156219437062133,neg
(ตุ๊กตุ๊ก - ADJ),0.04642529794655325,-0.03129578497996987,0.01512951296658338,pos
(โรงแรม - ADJ),0,-0.015106260447351635,-0.015106260447351635,neg
(ยากมาก - ADJ),0,-0.015082288594841705,-0.015082288594841705,neg
(tok - ADJ),0.015052565208794699,0,0.015052565208794699,pos
(เย็น - ADJ),0.047488591755862744,-0.03246348384607508,0.015025107909787665,pos
(กลาง - ADJ),0.0584731756986383,-0.04347511705527965,0.014998058643358653,pos
(ฉุด - ADJ),0,-0.014981562542715477,-0.014981562542715477,neg
(รุ่น - ADJ),0.03005764598475408,-0.015105400683318915,0.014952245301435166,pos
(โดยสระ - ADJ),0,-0.01493459839681355,-0.01493459839681355,neg
(รุนแรง - ADJ),0,-0.014908516618752447,-0.014908516618752447,neg
(ใกล้เคียง - ADJ),0.026896921767182592,-0.012071741007405762,0.01482518075977683,pos
(ออนไลน์ - ADJ),0,-0.014763269711315431,-0.014763269711315431,neg
(เลื่อน - ADJ),0.014726852824060345,0,0.014726852824060345,pos
(แข็งแรง - ADJ),0.02156711190679467,-0.03622917785995074,-0.014662065953156066,neg
(ปลอด - ADV),0.01461536103431057,0,0.01461536103431057,pos
(มังกร - ADV),0,-0.014569225958971015,-0.014569225958971015,neg
(ผลัก - ADJ),0,-0.014562538960739436,-0.014562538960739436,neg
(เจอ - ADJ),0,-0.014339012456233324,-0.014339012456233324,neg
(ร้อย - ADV),0.014242561699801261,0,0.014242561699801261,pos
(ฐานะ - ADJ),0,-0.01420010995106862,-0.01420010995106862,neg
(อึ - ADJ),0,-0.014151244938761444,-0.014151244938761444,neg
(โทร - ADJ),0,-0.014115961151358583,-0.014115961151358583,neg
(ขยะแขยง - ADJ),0,-0.014053501146264077,-0.014053501146264077,neg
(เกาะลันตา - ADJ),0,-0.014053501146264077,-0.014053501146264077,neg
(เคารพ - ADV),0,-0.014053501146264077,-0.014053501146264077,neg
(ฉิบหาย - ADJ),0,-0.013991591449584501,-0.013991591449584501,neg
(ชอบ - ADJ),0.019912797862418063,-0.03378820488357108,-0.013875407021153016,neg
(ชายหาด - ADJ),0.019912797862418063,-0.006091467700528733,0.013821330161889332,pos
(ยอด - ADV),0.020008525485334116,-0.00619625272282694,0.013812272762507176,pos
(งบ - ADV),0,-0.013690048530412419,-0.013690048530412419,neg
(ระเบียบ - ADJ),0,-0.013670407140842243,-0.013670407140842243,neg
(อาบ - ADJ),0.033554740562189066,-0.01988574813841552,0.013668992423773545,pos
(แน่น - ADJ),0,-0.013625882764889574,-0.013625882764889574,neg
(โปรด - ADJ),0.026623625196902773,-0.013049588176059411,0.013574037020843362,pos
(แซนด์วิช - ADV),0.013492316308647754,0,0.013492316308647754,pos
(plesant - ADV),0,-0.01348658708728527,-0.01348658708728527,neg
(อาญา - ADJ),0,-0.013458013809557972,-0.013458013809557972,neg
(อะดรีนาลีน - ADJ),0.013363637836138911,0,0.013363637836138911,pos
(แปลกหน้า - ADJ),0,-0.013292885629948415,-0.013292885629948415,neg
(ยุ่ง - ADV),0.030082853279135877,-0.01681322376252456,0.013269629516611318,pos
(แคบ - ADJ),0,-0.01322012677635577,-0.01322012677635577,neg
(ท้าย - ADJ),0.013178801904795359,0,0.013178801904795359,pos
(เยี่ยม - ADV),0.02660484827051043,-0.013516360388882483,0.013088487881627947,pos
(ถัง - ADV),0,-0.013088288155449237,-0.013088288155449237,neg
(ไหร่ - ADV),0,-0.013056901373301876,-0.013056901373301876,neg
(สิ่งของ - ADJ),0,-0.013043495930413476,-0.013043495930413476,neg
(ยอดเยี่ยม - ADV),0.026697496596791173,-0.03969073535788263,-0.012993238761091458,neg
(ปานกลาง - ADJ),0,-0.012937235271102571,-0.012937235271102571,neg
(สุจริต - ADJ),0.012897832524083986,0,0.012897832524083986,pos
(ชื่อเสียง - ADV),0.018003874018911615,-0.00510625604349788,0.012897617975413736,pos
(หยาบคาย - ADJ),0.018149092908889608,-0.03102367660053527,-0.012874583691645663,neg
(ดึง - ADJ),0.023761281239818063,-0.010911115200387247,0.012850166039430816,pos
(เก้าอี้ - ADV),0.01629685035999778,-0.02913845191794203,-0.012841601557944251,neg
(กะตะ - ADJ),0,-0.012832691955780531,-0.012832691955780531,neg
(พื้นเมือง - ADJ),0.029192015248673542,-0.016371604428122067,0.012820410820551475,pos
(ไปด้วย - ADV),0,-0.012778050059518667,-0.012778050059518667,neg
(ตรงข้าม - ADV),0.01262183945909284,0,0.01262183945909284,pos
(ดิ่ง - ADV),0.027860449640839308,-0.015309165406771566,0.012551284234067742,pos
(เตียง - ADJ),0.0252739357484537,-0.03781061022685335,-0.012536674478399651,neg
(สงบสุข - ADJ),0,-0.012438999709095356,-0.012438999709095356,neg
(เหนื่อย - ADJ),0,-0.012310431236649927,-0.012310431236649927,neg
(อุบัติเหตุ - ADJ),0,-0.012310431236649927,-0.012310431236649927,neg
(สุดท้าย - ADV),0,-0.012310431236649927,-0.012310431236649927,neg
(ลบ - ADV),0.01228661995766221,0,0.01228661995766221,pos
(ย้อน - ADJ),0.012239272674588367,0,0.012239272674588367,pos
(แชร์ - ADJ),0,-0.012215735611752621,-0.012215735611752621,neg
(น้ำมัก - ADJ),0.012192288902325071,0,0.012192288902325071,pos
(marjory - ADJ),0,-0.012134064026955802,-0.012134064026955802,neg
(รำคาญ - ADJ),0.01865408767812944,-0.030713741158873615,-0.012059653480744174,neg
(ช้อปปิ้ง - ADJ),0.011969447391305996,0,0.011969447391305996,pos
(สโมสร - ADV),0,-0.01195142524574104,-0.01195142524574104,neg
(jetski - ADJ),0.011928981254669225,0,0.011928981254669225,pos
(ครอก - ADJ),0,-0.011918724721568541,-0.011918724721568541,neg
(ทั่วไป - ADJ),0.02113820577629089,-0.03305480002461459,-0.011916594248323701,neg
(ดั้งเดิม - ADJ),0.03954355480738344,-0.02764481984030481,0.01189873496707863,pos
(โอเวอร์คลาวด์ - ADJ),0,-0.011842249288052503,-0.011842249288052503,neg
(อ้าง - ADJ),0,-0.01183342495922385,-0.01183342495922385,neg
(เงียบกว่า - ADV),0,-0.011792418041048322,-0.011792418041048322,neg
(หลอกลวง - ADJ),0.013599588830453846,-0.02534815352828033,-0.011748564697826485,neg
(ผ่อนคลาย - ADV),0.01532004225608366,-0.0036030530448731496,0.011716989211210511,pos
(ยุ่งยาก - ADJ),0,-0.01171215723271708,-0.01171215723271708,neg
(สถานที่ - ADV),0.011676806099469417,0,0.011676806099469417,pos
(เขียว - ADJ),0.013336977322611248,-0.02499992727414655,-0.011662949951535303,neg
(เบียร์ - ADV),0.011634033915954876,0,0.011634033915954876,pos
(ตะโกน - ADJ),0,-0.011634033915954876,-0.011634033915954876,neg
(บาร์สาว - ADJ),0,-0.011634033915954876,-0.011634033915954876,neg
(ยุ่งเกิน - ADV),0,-0.011632075239615779,-0.011632075239615779,neg
(phuketremember - ADV),0,-0.011612765115377262,-0.011612765115377262,neg
(ลิฟท์ - ADV),0,-0.01158100732563603,-0.01158100732563603,neg
(สิ้นสุด - ADV),0.008109073623443222,-0.01967259135446722,-0.011563517731023997,neg
(ใช้จ่าย - ADV),0,-0.011535440408192548,-0.011535440408192548,neg
(เฉียง - ADV),0,-0.011511756810377178,-0.011511756810377178,neg
(พัก - ADJ),0,-0.011507577025564063,-0.011507577025564063,neg
(เจ็ตสกีหลอกลวง - ADJ),0,-0.011507577025564063,-0.011507577025564063,neg
(อ่าน - ADJ),0,-0.01144537390650696,-0.01144537390650696,neg
(สกปรก - ADJ),0.01161380223093595,-0.02304293393963729,-0.01142913170870134,neg
(ตลก - ADJ),0.013402072275467105,-0.024829298572315334,-0.011427226296848229,neg
(เสียหาย - ADJ),0,-0.011424788701639143,-0.011424788701639143,neg
(ชม - ADJ),0.011397456671252445,0,0.011397456671252445,pos
(รัก - ADJ),0.02134469932161076,-0.010003437036395847,0.011341262285214914,pos
(อายุ - ADJ),0,-0.011322963490394584,-0.011322963490394584,neg
(กิน - ADV),0.007042330951342974,-0.01835890901188255,-0.011316578060539576,neg
(เทา - ADJ),0.0193075456477549,-0.030612312245183407,-0.011304766597428507,neg
(โหลด - ADJ),0,-0.011302815868525556,-0.011302815868525556,neg
(ชัดเจน - ADJ),0.029058202962591994,-0.04030578558726952,-0.011247582624677527,neg
(ถนน - ADV),0.011231280248099225,0,0.011231280248099225,pos
(หยุดนิ่ง - ADV),0.017214586769949494,-0.0060067919793015245,0.011207794790647969,pos
(หนุ่มสาว - ADJ),0,-0.0111834199262524,-0.0111834199262524,neg
(หาย - ADJ),0,-0.011145092929123272,-0.011145092929123272,neg
(ขโมย - ADJ),0,-0.01112466290387279,-0.01112466290387279,neg
(เกลียดชัง - ADJ),0,-0.011105214192502382,-0.011105214192502382,neg
(แบ่งปัน - ADV),0.011066520066396102,0,0.011066520066396102,pos
(กรุงเทพฯ - ADV),0.011066520066396102,0,0.011066520066396102,pos
(อุดมสมบูรณ์ - ADJ),0.011018529953358825,0,0.011018529953358825,pos
(ที่นี่ - ADJ),0,-0.010989935152441805,-0.010989935152441805,neg
(มุ่งหน้า - ADV),0,-0.010912692179025836,-0.010912692179025836,neg
(คอนเสิร์ต - ADJ),0.010864622322881464,0,0.010864622322881464,pos
(หาดไกล - ADJ),0,-0.010864622322881464,-0.010864622322881464,neg
(เสียดาย - ADJ),0,-0.01071194353813046,-0.01071194353813046,neg
(มากลอย - ADJ),0.010658024359247252,0,0.010658024359247252,pos
(ยึดครอง - ADJ),0,-0.010622378792828365,-0.010622378792828365,neg
(ประเทศอังกฤษ - ADV),0,-0.010622378792828365,-0.010622378792828365,neg
(จังหวัดอื่น - ADV),0,-0.010622378792828365,-0.010622378792828365,neg
(มุมมอง - ADV),0,-0.010622378792828365,-0.010622378792828365,neg
(รั่ว - ADJ),0,-0.010614469091060496,-0.010614469091060496,neg
(ล่าง - ADJ),0.006417547462927902,-0.01701697447429654,-0.010599427011368638,neg
(หาดกะตะน้อย - ADV),0,-0.010551798202842796,-0.010551798202842796,neg
(อุทยาน - ADJ),0,-0.01054479169673201,-0.01054479169673201,neg
(พลุกพล่าน - ADJ),0.010482149369820731,0,0.010482149369820731,pos
(เลวร้าย - ADJ),0.030184370219335434,-0.019703598382697824,0.01048077183663761,pos
(สามัญสำนึก - ADV),0.01044766861531474,0,0.01044766861531474,pos
(ลาดเทรอ - ADV),0.01044766861531474,0,0.01044766861531474,pos
(เกาะเต่า - ADJ),0,-0.010436225385725131,-0.010436225385725131,neg
(สากล - ADJ),0.0104270888347199,0,0.0104270888347199,pos
(แออัดเมือง - ADJ),0,-0.010338838733905214,-0.010338838733905214,neg
(ไน - ADV),0.01031198460732364,0,0.01031198460732364,pos
(คลั่งไคล้ - ADJ),0,-0.010300836515856263,-0.010300836515856263,neg
(เจ๋ง - ADJ),0.010256484151955915,0,0.010256484151955915,pos
(อาบ - ADV),0.029892623614641706,-0.01965403006841387,0.010238593546227834,pos
(พูดคุย - ADJ),0.010147256418708247,0,0.010147256418708247,pos
(ดื่ม - ADV),0.010147256418708247,0,0.010147256418708247,pos
(ตุ๋น - ADV),0,-0.010147256418708247,-0.010147256418708247,neg
(สกปรก - ADV),0.012007906461458153,-0.021980188815598076,-0.009972282354139923,neg
(ป่า - ADV),0,-0.009941428988214731,-0.009941428988214731,neg
(ยืน - ADJ),0,-0.009938483379625631,-0.009938483379625631,neg
(เค็ม - ADJ),0.009857352903057257,0,0.009857352903057257,pos
(เหมาะสม - ADJ),0.032197954703997805,-0.022355352912996784,0.009842601791001021,pos
(เหลือง - ADJ),0.025269093135278614,-0.01545229189604396,0.009816801239234655,pos
(แดง - ADJ),0.01895687256449351,-0.028761796111538594,-0.009804923547045083,neg
(Intimal - ADJ),0.009766578287379094,0,0.009766578287379094,pos
(แน่นหนา - ADJ),0.009742611224097182,0,0.009742611224097182,pos
(ทำร้าย - ADJ),0,-0.009741842485020585,-0.009741842485020585,neg
(โคม - ADJ),0.009700950699620285,0,0.009700950699620285,pos
(เรื่องราว - ADV),0,-0.009697988577269256,-0.009697988577269256,neg
(จบ - ADJ),0,-0.009697988577269256,-0.009697988577269256,neg
(บาร์ - ADJ),0,-0.00968320505809659,-0.00968320505809659,neg
(อำนวย - ADJ),0.014911226568336532,-0.024478545349176734,-0.009567318780840202,neg
(โทรม - ADJ),0,-0.009556944611000043,-0.009556944611000043,neg
(ชิมมะม่วง - ADV),0.0095378115887558,0,0.0095378115887558,pos
(etcsellers - ADJ),0,-0.0095378115887558,-0.0095378115887558,neg
(พิเศษ - ADJ),0.0232250669357594,-0.03276021227311396,-0.00953514533735456,neg
(ทางการ - ADJ),0,-0.00952065725136595,-0.00952065725136595,neg
(นั่ง - ADV),0.009509255266633777,0,0.009509255266633777,pos
(เรียบร้อย - ADJ),0.02041933365400106,-0.010918163447961239,0.00950117020603982,pos
(เสพ - ADJ),0,-0.009499101090501212,-0.009499101090501212,neg
(เศษ - ADJ),0.022696291710825267,-0.032126842373405726,-0.009430550662580459,neg
(เจ็ด - ADV),0.009415290293643323,0,0.009415290293643323,pos
(jetski - ADV),0,-0.00940587109070349,-0.00940587109070349,neg
(ง่ายดาย - ADJ),0.009395625043763726,0,0.009395625043763726,pos
(รู้ - ADJ),0,-0.009365020401927363,-0.009365020401927363,neg
(มุ่งหน้า - ADJ),0.009360664578484605,0,0.009360664578484605,pos
(โง่ - ADJ),0,-0.009162855540937069,-0.009162855540937069,neg
(เจ็ตสกีนั้น - ADV),0,-0.009153000746558159,-0.009153000746558159,neg
(parasailling - ADJ),0.009147728280690326,0,0.009147728280690326,pos
(หน้า - ADJ),0.02420599075212651,-0.033343045964795516,-0.009137055212669005,neg
(โรงเรียนโต้คลื่น - ADJ),0.009117965337001956,0,0.009117965337001956,pos
(ราคา - ADV),0,-0.009048693045742682,-0.009048693045742682,neg
(รบกวน - ADJ),0.020426723008111547,-0.011424788701639143,0.009001934306472404,pos
(คุณกลัว - ADJ),0.008941698364458562,0,0.008941698364458562,pos
(กว้างใหญ่ - ADJ),0,-0.008906593547548181,-0.008906593547548181,neg
(ฉีก - ADJ),0.019485222448194364,-0.0282792911153282,-0.008794068667133836,neg
(แพน - ADV),0.00878586793653024,0,0.00878586793653024,pos
(งี่เง่า - ADJ),0,-0.008773732759822324,-0.008773732759822324,neg
(สิ้นเชิง - ADJ),0,-0.008662067070151859,-0.008662067070151859,neg
(อุจจาระ - ADJ),0,-0.008654199615955534,-0.008654199615955534,neg
(ฟรี - ADJ),0.02920491125341456,-0.02058516417702888,0.00861974707638568,pos
(ซื่อสัตย์ - ADV),0,-0.00856948215616006,-0.00856948215616006,neg
(ก้าว - ADV),0,-0.008556280331507763,-0.008556280331507763,neg
(อย่า - ADV),0.014888355661664182,-0.006434303461525625,0.008454052200138559,pos
(ผยอง - ADJ),0,-0.00844705122089277,-0.00844705122089277,neg
(เตียง - ADV),0.040881089984023095,-0.032554727838728495,0.0083263621452946,pos
(ลอง - ADJ),0.02003477203642856,-0.0117949969969899,0.00823977503943866,pos
(แออัดยัดเยียด - ADJ),0,-0.008181584902255748,-0.008181584902255748,neg
(คุณคุณ - ADJ),0,-0.00815785522648638,-0.00815785522648638,neg
(คุณเหม็น - ADJ),0,-0.00815637200579271,-0.00815637200579271,neg
(โอเค - ADV),0.008154277943660285,0,0.008154277943660285,pos
(เดิม - ADV),0,-0.008153987928507609,-0.008153987928507609,neg
(กี่ - ADV),0,-0.008152347627764745,-0.008152347627764745,neg
(ดีเจสด - ADJ),0.008122995547456987,0,0.008122995547456987,pos
(หรูหรา - ADJ),0,-0.008106409543276369,-0.008106409543276369,neg
(เสน่ห์ - ADJ),0,-0.008069538429728108,-0.008069538429728108,neg
(แมงกะพรุน - ADJ),0.008065239357683295,0,0.008065239357683295,pos
(ลึก - ADJ),0.0214596041546803,-0.029506243279005372,-0.008046639124325072,neg
(แปลกใหม่ - ADJ),0,-0.007990720576408284,-0.007990720576408284,neg
(ล้า - ADJ),0,-0.007972116614095586,-0.007972116614095586,neg
(ยัดเยียด - ADJ),0,-0.007963454891071494,-0.007963454891071494,neg
(ย้อม - ADJ),0,-0.007936260017630389,-0.007936260017630389,neg
(มอเตอร์ไซด์ - ADJ),0,-0.007932295851787416,-0.007932295851787416,neg
(แน่นอน - ADJ),0.033552398695728666,-0.04143737451869179,-0.007884975822963124,neg
(แอ - ADV),0.007855358643146721,0,0.007855358643146721,pos
(ละเอียด - ADJ),0.007813262629903275,0,0.007813262629903275,pos
(แว่น - ADJ),0.007808460378747833,0,0.007808460378747833,pos
(งบ - ADJ),0.007746564046477272,0,0.007746564046477272,pos
(ท่ามกลาง - ADJ),0.013351677693769505,-0.021061613123711416,-0.007709935429941911,neg
(หลีกเลี่ยง - ADV),0,-0.007646439530297074,-0.007646439530297074,neg
(แนะนำ - ADJ),0.014326704644124595,-0.021953807279642506,-0.007627102635517911,neg
(เกาะมัน - ADV),0.007553130223675817,0,0.007553130223675817,pos
(เล่น - ADV),0.021502788669441518,-0.013972234707520372,0.007530553961921146,pos
(โปรโมต - ADJ),0,-0.007508489974126906,-0.007508489974126906,neg
(บรรดา - ADJ),0.023046583273680962,-0.015556023079746505,0.007490560193934457,pos
(คุณกำลัง - ADJ),0,-0.007462620439510529,-0.007462620439510529,neg
(ลูสหรือ - ADV),0,-0.00744687282310828,-0.00744687282310828,neg
(กี่ - ADJ),0.04140951554006571,-0.03401404332684307,0.007395472213222641,pos
(กิจกรรม - ADV),0.007352063099665929,0,0.007352063099665929,pos
(เบื่อหน่าย - ADJ),0.07684091755779875,-0.06954944362895653,0.007291473928842218,pos
(โชค - ADV),0.007274952589553897,0,0.007274952589553897,pos
(อิ่มตัว - ADJ),0,-0.007202020995591115,-0.007202020995591115,neg
(หาดกมลา - ADJ),0,-0.007105349572831501,-0.007105349572831501,neg
(แทบ - ADV),0.011105386854302703,-0.018191616940957164,-0.00708623008665446,neg
(เสมอ - ADV),0.03129720583667464,-0.024216319648708802,0.007080886187965839,pos
(ตรงกันข้าม - ADJ),0,-0.007021572422378072,-0.007021572422378072,neg
(ทอด - ADJ),0.006977353381053782,0,0.006977353381053782,pos
(ล่วงหน้า - ADV),0.009750101783439423,-0.016642901669416496,-0.006892799885977073,neg
(เพ้อ - ADJ),0,-0.006877633735503858,-0.006877633735503858,neg
(เจทสกี - ADV),0.006786519784307012,0,0.006786519784307012,pos
(ถนนร้อนแรง - ADJ),0,-0.0067041504148932585,-0.0067041504148932585,neg
(เคียง - ADV),0.006686507913801434,0,0.006686507913801434,pos
(ช่องแคบ - ADV),0.006616856789699336,0,0.006616856789699336,pos
(เยี่ยม - ADJ),0.020830022071031035,-0.027323541043164437,-0.006493518972133402,neg
(เช่า - ADV),0.01961817255585794,-0.013176419874707985,0.006441752681149954,pos
(myther - ADV),0,-0.006429334532501379,-0.006429334532501379,neg
(เด็ก - ADJ),0.025980129255015794,-0.019575485072246736,0.006404644182769058,pos
(สมเหตุสมผล - ADV),0.006289289621892439,0,0.006289289621892439,pos
(นิ่ง - ADV),0.006239864949028843,0,0.006239864949028843,pos
(เรียบร้อย - ADV),0.006215442777016989,0,0.006215442777016989,pos
(หาดกะรน - ADJ),0,-0.006215442777016989,-0.006215442777016989,neg
(ตุ๊กตุ๊กขั้น - ADJ),0,-0.006188195341560022,-0.006188195341560022,neg
(ละอาย - ADV),0,-0.0061353984399015096,-0.0061353984399015096,neg
(อ่อนนุ่ม - ADJ),0.006096144451162536,0,0.006096144451162536,pos
(ยาวไกล - ADJ),0.006026738631984215,0,0.006026738631984215,pos
(ทอด - ADV),0.00597383935872542,0,0.00597383935872542,pos
(ชั่วคราว - ADV),0.005970096351608423,0,0.005970096351608423,pos
(ธง - ADJ),0.026977786653809517,-0.021138710542799876,0.005839076111009641,pos
(ต่อย - ADV),0,-0.005822348779203816,-0.005822348779203816,neg
(คู่ - ADJ),0,-0.005817016957977438,-0.005817016957977438,neg
(disbeliever - ADJ),0,-0.005817016957977438,-0.005817016957977438,neg
(ยืน - ADV),0,-0.005817016957977438,-0.005817016957977438,neg
(ทิศ - ADV),0,-0.005730430778630007,-0.005730430778630007,neg
(หนา - ADJ),0.016667167585442684,-0.01093689866317701,0.005730268922265674,pos
(เดิน - ADV),0.014680414030788909,-0.009053570644436886,0.005626843386352023,pos
(อาศัย - ADV),0.005520436719100257,0,0.005520436719100257,pos
(ดูแลรักษา - ADV),0.005520436719100257,0,0.005520436719100257,pos
(jetskies - ADJ),0,-0.005502106988403086,-0.005502106988403086,neg
(แวดล้อม - ADJ),0.01641721871576919,-0.021864953483093537,-0.005447734767324346,neg
(เจ็ตสกี - ADJ),0.01838568353887578,-0.012943502854815884,0.005442180684059897,pos
(อ่อนนุ่ม - ADV),0.005419950954019934,0,0.005419950954019934,pos
(หาดกะรน - ADV),0,-0.005404579567309724,-0.005404579567309724,neg
(ทำลาย - ADV),0,-0.005404579567309724,-0.005404579567309724,neg
(อับอาย - ADJ),0,-0.005386248602129476,-0.005386248602129476,neg
(jetskis - ADV),0,-0.005383205523823188,-0.005383205523823188,neg
(อพาร์ทเมนท์ - ADJ),0,-0.0053801658820819,-0.0053801658820819,neg
(กลาง - ADV),0,-0.0053801658820819,-0.0053801658820819,neg
(งดงาม - ADJ),0.025729425809793708,-0.02035364468369271,0.005375781126100997,pos
(ปลอดโปร่ง - ADJ),0,-0.0053619998746016004,-0.0053619998746016004,neg
(รายละเอียด - ADJ),0,-0.005349957202227425,-0.005349957202227425,neg
(วิว - ADV),0.005329012179623626,0,0.005329012179623626,pos
(เศร้า - ADJ),0,-0.005258429236847155,-0.005258429236847155,neg
(ต่ำ - ADV),0.008511134586713143,-0.013752234585535946,-0.005241099998822803,neg
(โบราเคย์ - ADV),0,-0.0052410746849103655,-0.0052410746849103655,neg
(บริการ - ADV),0,-0.005181225544952172,-0.005181225544952172,neg
(อยู่แล้ว - ADV),0,-0.005181225544952172,-0.005181225544952172,neg
(ทิศ - ADJ),0,-0.005100788959939531,-0.005100788959939531,neg
(ยุ่งเหยิง - ADV),0,-0.005087172331642843,-0.005087172331642843,neg
(อัศจรรย์ - ADJ),0.012679432253105624,-0.007713847774527367,0.004965584478578257,pos
(hookers - ADJ),0,-0.0049433326989193485,-0.0049433326989193485,neg
(ท่องเที่ยว - ADJ),0.0324305207594607,-0.027530574914865158,0.004899945844595542,pos
(เกา - ADJ),0,-0.004801347330394076,-0.004801347330394076,neg
(เหมาะ - ADJ),0.013620677508342985,-0.018413111184665935,-0.0047924336763229495,neg
(วิเศษ - ADJ),0.029331336628598763,-0.02469939271854926,0.004631943910049504,pos
(คลื่น - ADV),0.004532413972766737,0,0.004532413972766737,pos
(สุข - ADJ),0.020804954483318996,-0.016360580748619624,0.004444373734699372,pos
(สุดท้าย - ADJ),0.01902816894421698,-0.02346062152755605,-0.004432452583339068,neg
(หาดบานา - ADJ),0,-0.004389898077478482,-0.004389898077478482,neg
(เกาะ - ADV),0.011962678941829308,-0.007606303441059704,0.004356375500769604,pos
(แออัด - ADV),0.013698165711233473,-0.009406808031377351,0.004291357679856122,pos
(สวยงาม - ADJ),0.04247697180067679,-0.038317791217921233,0.0041591805827555575,pos
(สาวประเภทสอง - ADV),0,-0.00414633323636512,-0.00414633323636512,neg
(karon - ADJ),0,-0.004126580241302314,-0.004126580241302314,neg
(ร่อน - ADJ),0,-0.004126580241302314,-0.004126580241302314,neg
(ฮันนีมูน - ADV),0,-0.0040876335380382,-0.0040876335380382,neg
(คึกคัก - ADJ),0.015335713209408143,-0.019336933084052852,-0.004001219874644709,neg
(ตอง - ADV),0.02123812790369659,-0.02523556629916842,-0.003997438395471831,neg
(ขวา - ADV),0.003995083344724128,0,0.003995083344724128,pos
(ขา - ADV),0.003995083344724128,0,0.003995083344724128,pos
(เกาะพีพี - ADV),0.003995083344724128,0,0.003995083344724128,pos
(สวยงาม - ADV),0.012755386582552935,-0.008765661248543739,0.0039897253340091966,pos
(เจอ - ADV),0.02172590375358967,-0.017843209320537536,0.003882694433052135,pos
(มืด - ADJ),0.02011427510006518,-0.01630226322176861,0.003812011878296568,pos
(ยุ่ง - ADJ),0.019309088958262298,-0.015610506651406586,0.0036985823068557116,pos
(มลพิษ - ADV),0,-0.0036030530448731496,-0.0036030530448731496,neg
(บ้านเต่า - ADV),0,-0.0036030530448731496,-0.0036030530448731496,neg
(หาดสุริง - ADJ),0,-0.0036030530448731496,-0.0036030530448731496,neg
(พัทยา - ADV),0,-0.0036030530448731496,-0.0036030530448731496,neg
(รอบ - ADV),0,-0.0036030530448731496,-0.0036030530448731496,neg
(เลานจ์ - ADV),0,-0.0036030530448731496,-0.0036030530448731496,neg
(กะรน - ADV),0,-0.0036030530448731496,-0.0036030530448731496,neg
(กระบี่ - ADV),0,-0.0036030530448731496,-0.0036030530448731496,neg
(สนุกสนาน - ADV),0.011534187498008407,-0.007936260017630389,0.0035979274803780176,pos
(เก่า - ADJ),0.0174012650124935,-0.020957317500109842,-0.0035560524876163437,neg
(ร้อย - ADJ),0.019119038870090425,-0.015682945582270735,0.0034360932878196894,pos
(อร่อย - ADJ),0.014418975253859255,-0.011067387241456502,0.0033515880124027533,pos
(วิวทะเล - ADV),0.015306463899063526,-0.018573633093892872,-0.0032671691948293457,neg
(หนาว - ADJ),0.018599333873678535,-0.015338212103527324,0.0032611217701512107,pos
(ห่างไกล - ADJ),0.015131901386272106,-0.011889735701920789,0.003242165684351317,pos
(คลื่น - ADJ),0.02312119647638948,-0.026356312949590278,-0.0032351164732007977,neg
(ทิ้ง - ADJ),0.01460245562670728,-0.011394469480731854,0.0032079861459754257,pos
(สระ - ADJ),0.026788784162144107,-0.023598314063406567,0.00319047009873754,pos
(สนุกสนาน - ADJ),0.021948033753026567,-0.018874495794644158,0.0030735379583824093,pos
(ร้อน - ADJ),0.034808657034979144,-0.037821139292415325,-0.0030124822574361804,neg
(เฉลี่ย - ADJ),0.017004335377226877,-0.014084551172455736,0.002919784204771141,pos
(ชัด - ADV),0.014040170551242103,-0.016693634986490374,-0.002653464435248271,neg
(เต็ม - ADV),0.003995083344724128,-0.00659967014868713,-0.002604586803963002,neg
(แน่ใจ - ADV),0.030105130417589398,-0.027517111344122536,0.0025880190734668615,pos
(แนะนำ - ADV),0.013370134348339691,-0.010808500990194361,0.00256163335814533,pos
(โสด - ADJ),0.018312492123514015,-0.020630397124375536,-0.0023179050008615212,neg
(ดำ - ADJ),0.021189165882912805,-0.018928827966282032,0.0022603379166307724,pos
(อินเดีย - ADJ),0.029408252398663716,-0.02722794455824483,0.0021803078404188866,pos
(ยอด - ADJ),0.012771151440075798,-0.010622378792828365,0.002148772647247433,pos
(แน่นอน - ADV),0.018205386556962303,-0.01609916792962364,0.0021062186273386636,pos
(ธรรมดา - ADJ),0.01870954493112123,-0.016691685097284813,0.002017859833836417,pos
(หาด - ADV),0.011658617729313257,-0.00969242542985155,0.0019661922994617075,pos
(เจ็ทสกี - ADJ),0.01676460680071595,-0.014844172312926817,0.0019204344877891324,pos
(เยี่ยมชม - ADV),0.015372280352106433,-0.01345463046836219,0.0019176498837442432,pos
(สนุกสุด - ADJ),0.01044766861531474,-0.008532145759719762,0.001915522855594978,pos
(นานา - ADJ),0.04398100413285706,-0.045886661588402176,-0.0019056574555451136,neg
(มหาศาล - ADJ),0.018849206285196922,-0.02072490217980869,-0.0018756958946117668,neg
(ดี - ADV),0.01560200902535756,-0.013815879275984815,0.0017861297493727453,pos
(จังหวัดภูเก็ต - ADV),0.018809049355078666,-0.017058516321853925,0.001750533033224741,pos
(ห่าง - ADJ),0.017927897357122437,-0.0195826134437221,-0.001654716086599662,neg
(เอเชีย - ADV),0.007813262629903275,-0.006223076327687663,0.0015901863022156123,pos
(สาธารณะ - ADJ),0.021098568619335574,-0.02257115483764841,-0.0014725862183128345,neg
(ตอง - ADJ),0.022856835027636847,-0.024199934678912034,-0.001343099651275187,neg
(แรง - ADJ),0.020691063958143015,-0.021930673839095024,-0.0012396098809520084,neg
(หวัง - ADJ),0.027059400126039527,-0.028273809427795383,-0.001214409301755856,neg
(เงียบ - ADV),0.01218259106861323,-0.013257975909749569,-0.0010753848411363398,neg
(ลิ่ง - ADV),0.023768876805864432,-0.02282080535339421,0.0009480714524702227,pos
(งาม - ADV),0.009772588489402096,-0.01071194353813046,-0.0009393550487283645,neg
(เทียบ - ADV),0.009419013223771297,-0.010349392596802376,-0.0009303793730310785,neg
(ท่องเที่ยว - ADV),0.018338871760263234,-0.01923210644354948,-0.0008932346832862467,neg
(ถนนบางลา - ADJ),0.011831527832887656,-0.012721510015007523,-0.000889982182119867,neg
(เที่ยว - ADV),0.013167421951998208,-0.014051523907370765,-0.0008841019553725571,neg
(ชั่ว - ADJ),0.010147256418708247,-0.010989935152441805,-0.0008426787337335578,neg
(ประเทศไทย - ADV),0.019759524453109887,-0.019043387924002852,0.0007161365291070351,pos
(ต่ำ - ADJ),0.030293345527898127,-0.029580070203731722,0.0007132753241664049,pos
(ปกติ - ADJ),0.023861102533569874,-0.024573626688685832,-0.0007125241551159574,neg
(หาด - ADJ),0.022637096731336973,-0.021954495317410772,0.0006826014139262003,pos
(ดี - ADJ),0.06536644050385701,-0.06477111255865986,0.0005953279451971494,pos
(อย่า - ADJ),0.020030113802833364,-0.020603205573806713,-0.0005730917709733489,neg
(ชอบ - ADV),0.00922761524243095,-0.008685985690005137,0.0005416295524258135,pos
(เก่ง - ADJ),0.01546797691098546,-0.016000459743353557,-0.0005324828323680971,neg
(ใกล้เคียง - ADV),0.02847233743078019,-0.0288802348029396,-0.00040789737215941174,neg
(karon - ADV),0.010147256418708247,-0.009886337012219849,0.0002609194064883986,pos
(ครึ่ง - ADJ),0.018941677267197813,-0.018684122207095512,0.0002575550601023012,pos
(สะอาด - ADJ),0.02364936104896304,-0.023457174868180396,0.00019218618078264277,pos
(สัก - ADV),0.013710297554682243,-0.013549247532250406,0.00016105002243183703,pos
(สดชื่น - ADJ),0.012409057491200085,-0.01253720233837769,-0.00012814484717760428,neg
(เมา - ADJ),0.02241946771098128,-0.02253066325667202,-0.00011119554569074055,neg
(เบื่อ - ADV),0.011066520066396102,-0.01116376540968605,-9.724534328994783e-05,neg
